{
  "id": "decentage-dop",
  "realm": "decentage-dop",
  "displayName": "Decentage DOP",
  "displayNameHtml": "Decentage Digital Onboarding",
  "notBefore": 0,
  "revokeRefreshToken": true,
  "refreshTokenMaxReuse": 144,
  "accessTokenLifespan": 600,
  "accessTokenLifespanForImplicitFlow": 900,
  "ssoSessionIdleTimeout": 86400,
  "ssoSessionMaxLifespan": 86400,
  "ssoSessionIdleTimeoutRememberMe": 0,
  "ssoSessionMaxLifespanRememberMe": 0,
  "offlineSessionIdleTimeout": 2592000,
  "offlineSessionMaxLifespanEnabled": false,
  "offlineSessionMaxLifespan": 5184000,
  "accessCodeLifespan": 60,
  "accessCodeLifespanUserAction": 300,
  "accessCodeLifespanLogin": 3600,
  "actionTokenGeneratedByAdminLifespan": 43200,
  "actionTokenGeneratedByUserLifespan": 900,
  "enabled": true,
  "sslRequired": "external",
  "registrationAllowed": true,
  "registrationEmailAsUsername": true,
  "rememberMe": true,
  "verifyEmail": true,
  "loginWithEmailAllowed": true,
  "duplicateEmailsAllowed": false,
  "resetPasswordAllowed": true,
  "editUsernameAllowed": false,
  "bruteForceProtected": true,
  "permanentLockout": false,
  "maxFailureWaitSeconds": 900,
  "minimumQuickLoginWaitSeconds": 300,
  "waitIncrementSeconds": 300,
  "quickLoginCheckMilliSeconds": 1000,
  "maxDeltaTimeSeconds": 43200,
  "failureFactor": 5,
  "roles": {
    "realm": [
      {
        "id": "09bbbcd0-6dfc-4bf2-ba5f-f1dc003cdfaa",
        "name": "offline_access",
        "description": "${role_offline-access}",
        "composite": false,
        "clientRole": false,
        "containerId": "decentage-dop",
        "attributes": {}
      },
      {
        "id": "58ada2b7-f118-4a73-a688-687778a8491e",
        "name": "uma_authorization",
        "description": "${role_uma_authorization}",
        "composite": false,
        "clientRole": false,
        "containerId": "decentage-dop",
        "attributes": {}
      }
    ],
    "client": {
      "realm-management": [
        {
          "id": "bfe1b6d3-81b8-476b-8db0-cce31b0e93bd",
          "name": "view-realm",
          "description": "${role_view-realm}",
          "composite": false,
          "clientRole": true,
          "containerId": "2853bed7-9344-49a6-aeaf-04d1e3095ea0",
          "attributes": {}
        },
        {
          "id": "b29f4dbe-37be-4c1b-97e5-072435f8fe84",
          "name": "manage-identity-providers",
          "description": "${role_manage-identity-providers}",
          "composite": false,
          "clientRole": true,
          "containerId": "2853bed7-9344-49a6-aeaf-04d1e3095ea0",
          "attributes": {}
        },
        {
          "id": "f46db0d5-5299-4b82-ab72-f416debe4a9f",
          "name": "manage-authorization",
          "description": "${role_manage-authorization}",
          "composite": false,
          "clientRole": true,
          "containerId": "2853bed7-9344-49a6-aeaf-04d1e3095ea0",
          "attributes": {}
        },
        {
          "id": "0e349a59-f4d1-4789-864e-f01b0ebe3c11",
          "name": "view-identity-providers",
          "description": "${role_view-identity-providers}",
          "composite": false,
          "clientRole": true,
          "containerId": "2853bed7-9344-49a6-aeaf-04d1e3095ea0",
          "attributes": {}
        },
        {
          "id": "a51ba1c9-1c6b-4716-8ef6-e479d32d04a5",
          "name": "create-client",
          "description": "${role_create-client}",
          "composite": false,
          "clientRole": true,
          "containerId": "2853bed7-9344-49a6-aeaf-04d1e3095ea0",
          "attributes": {}
        },
        {
          "id": "a5174d90-5e9f-4b45-8e99-b261e9941aac",
          "name": "manage-events",
          "description": "${role_manage-events}",
          "composite": false,
          "clientRole": true,
          "containerId": "2853bed7-9344-49a6-aeaf-04d1e3095ea0",
          "attributes": {}
        },
        {
          "id": "29865ea4-078f-4588-bb3f-fd053d1e88d8",
          "name": "view-users",
          "description": "${role_view-users}",
          "composite": true,
          "composites": {
            "client": {
              "realm-management": [
                "query-groups",
                "query-users"
              ]
            }
          },
          "clientRole": true,
          "containerId": "2853bed7-9344-49a6-aeaf-04d1e3095ea0",
          "attributes": {}
        },
        {
          "id": "a11ed694-75bd-45bf-bb8f-073621882710",
          "name": "manage-realm",
          "description": "${role_manage-realm}",
          "composite": false,
          "clientRole": true,
          "containerId": "2853bed7-9344-49a6-aeaf-04d1e3095ea0",
          "attributes": {}
        },
        {
          "id": "c8951623-db8f-41be-9549-372a612e9382",
          "name": "query-clients",
          "description": "${role_query-clients}",
          "composite": false,
          "clientRole": true,
          "containerId": "2853bed7-9344-49a6-aeaf-04d1e3095ea0",
          "attributes": {}
        },
        {
          "id": "ea965787-dbcf-44c4-bdec-0f88c1bec33c",
          "name": "manage-users",
          "description": "${role_manage-users}",
          "composite": false,
          "clientRole": true,
          "containerId": "2853bed7-9344-49a6-aeaf-04d1e3095ea0",
          "attributes": {}
        },
        {
          "id": "cd1d7dac-a849-4191-bf2f-de8aba58a7b2",
          "name": "view-events",
          "description": "${role_view-events}",
          "composite": false,
          "clientRole": true,
          "containerId": "2853bed7-9344-49a6-aeaf-04d1e3095ea0",
          "attributes": {}
        },
        {
          "id": "a3b5c867-c26e-4318-895e-b8d686b95eb3",
          "name": "view-clients",
          "description": "${role_view-clients}",
          "composite": true,
          "composites": {
            "client": {
              "realm-management": [
                "query-clients"
              ]
            }
          },
          "clientRole": true,
          "containerId": "2853bed7-9344-49a6-aeaf-04d1e3095ea0",
          "attributes": {}
        },
        {
          "id": "cb0b11bb-053e-4883-8020-f197bbc3f67e",
          "name": "query-groups",
          "description": "${role_query-groups}",
          "composite": false,
          "clientRole": true,
          "containerId": "2853bed7-9344-49a6-aeaf-04d1e3095ea0",
          "attributes": {}
        },
        {
          "id": "c5643a09-1e7f-48ae-a4b2-5df04f19d37f",
          "name": "impersonation",
          "description": "${role_impersonation}",
          "composite": false,
          "clientRole": true,
          "containerId": "2853bed7-9344-49a6-aeaf-04d1e3095ea0",
          "attributes": {}
        },
        {
          "id": "f88290c4-a949-4207-808d-da844a3ca5a7",
          "name": "realm-admin",
          "description": "${role_realm-admin}",
          "composite": true,
          "composites": {
            "client": {
              "realm-management": [
                "view-realm",
                "manage-identity-providers",
                "manage-authorization",
                "view-identity-providers",
                "create-client",
                "manage-events",
                "view-users",
                "manage-realm",
                "query-clients",
                "manage-users",
                "view-events",
                "view-clients",
                "query-groups",
                "impersonation",
                "view-authorization",
                "query-realms",
                "manage-clients",
                "query-users"
              ]
            }
          },
          "clientRole": true,
          "containerId": "2853bed7-9344-49a6-aeaf-04d1e3095ea0",
          "attributes": {}
        },
        {
          "id": "865e865a-9e24-4746-9a40-b933c8ead5c4",
          "name": "view-authorization",
          "description": "${role_view-authorization}",
          "composite": false,
          "clientRole": true,
          "containerId": "2853bed7-9344-49a6-aeaf-04d1e3095ea0",
          "attributes": {}
        },
        {
          "id": "136be404-93d7-4393-b2b8-0c51efeb5973",
          "name": "query-realms",
          "description": "${role_query-realms}",
          "composite": false,
          "clientRole": true,
          "containerId": "2853bed7-9344-49a6-aeaf-04d1e3095ea0",
          "attributes": {}
        },
        {
          "id": "c332b638-48cd-4383-8300-3cf07defb133",
          "name": "manage-clients",
          "description": "${role_manage-clients}",
          "composite": false,
          "clientRole": true,
          "containerId": "2853bed7-9344-49a6-aeaf-04d1e3095ea0",
          "attributes": {}
        },
        {
          "id": "31786e2a-e2d4-40ee-ac28-494d6aa87fdd",
          "name": "query-users",
          "description": "${role_query-users}",
          "composite": false,
          "clientRole": true,
          "containerId": "2853bed7-9344-49a6-aeaf-04d1e3095ea0",
          "attributes": {}
        }
      ],
      "security-admin-console": [],
      "admin-cli": [],
      "decentage-keycloak-gatekeeper": [
        {
          "id": "ddfa8ed0-c141-4977-a869-f4b768968ddb",
          "name": "camunda-admin",
          "composite": false,
          "clientRole": true,
          "containerId": "ec1e5641-8aa5-43bd-8854-794c131c2842",
          "attributes": {}
        },
        {
          "id": "cb2f0e83-037a-421e-8b40-d67b80374e7a",
          "name": "decentage-orcc",
          "composite": false,
          "clientRole": true,
          "containerId": "ec1e5641-8aa5-43bd-8854-794c131c2842",
          "attributes": {}
        },
        {
          "id": "1478d071-0af1-4256-9581-02373ed7fe79",
          "name": "decentage-operation",
          "composite": false,
          "clientRole": true,
          "containerId": "ec1e5641-8aa5-43bd-8854-794c131c2842",
          "attributes": {}
        },
        {
          "id": "b0ffeffd-3fa2-409c-a0df-6d36fd49897d",
          "name": "decentage-client-manager",
          "composite": false,
          "clientRole": true,
          "containerId": "ec1e5641-8aa5-43bd-8854-794c131c2842",
          "attributes": {}
        },
        {
          "id": "c0e0fce8-1625-4d84-81a7-9025d5c167d5",
          "name": "decentage-awmmanager",
          "composite": false,
          "clientRole": true,
          "containerId": "ec1e5641-8aa5-43bd-8854-794c131c2842",
          "attributes": {}
        },
        {
          "id": "278de3bb-e306-4d13-9f29-8d806eb3bec6",
          "name": "decentage-prospect",
          "composite": false,
          "clientRole": true,
          "containerId": "ec1e5641-8aa5-43bd-8854-794c131c2842",
          "attributes": {}
        },
        {
          "id": "59fae300-ae79-4e07-a2f8-abc0fb583a25",
          "name": "decentage-compliance",
          "composite": false,
          "clientRole": true,
          "containerId": "ec1e5641-8aa5-43bd-8854-794c131c2842",
          "attributes": {}
        }
      ],
      "broker": [
        {
          "id": "0ba9bc67-e4c8-401c-9f0e-84090eea51b1",
          "name": "read-token",
          "description": "${role_read-token}",
          "composite": false,
          "clientRole": true,
          "containerId": "a2d655d2-f96d-4d84-af9f-b0722d9efdfb",
          "attributes": {}
        }
      ],
      "account": [
        {
          "id": "afd22b2c-36f8-4d32-b35c-d0bb5885071d",
          "name": "manage-account",
          "description": "${role_manage-account}",
          "composite": true,
          "composites": {
            "client": {
              "account": [
                "manage-account-links"
              ]
            }
          },
          "clientRole": true,
          "containerId": "523a1305-918e-482c-9193-a588714152b6",
          "attributes": {}
        },
        {
          "id": "b185e1e0-0b6c-47c1-af79-f5dc372b44cc",
          "name": "manage-account-links",
          "description": "${role_manage-account-links}",
          "composite": false,
          "clientRole": true,
          "containerId": "523a1305-918e-482c-9193-a588714152b6",
          "attributes": {}
        },
        {
          "id": "d24bcce3-f35f-4582-840d-e80b87245bc3",
          "name": "view-profile",
          "description": "${role_view-profile}",
          "composite": false,
          "clientRole": true,
          "containerId": "523a1305-918e-482c-9193-a588714152b6",
          "attributes": {}
        }
      ]
    }
  },
  "groups": [
    {
      "id": "f0256f44-805a-4e8e-8939-075dd5f13f3a",
      "name": "camunda-admin",
      "path": "/camunda-admin",
      "attributes": {},
      "realmRoles": [],
      "clientRoles": {
        "decentage-keycloak-gatekeeper": [
          "camunda-admin"
        ]
      },
      "subGroups": []
    },
    {
      "id": "5435295d-ee63-4245-a544-5b68dab1c065",
      "name": "ldap-camunda",
      "path": "/ldap-camunda",
      "attributes": {},
      "realmRoles": [],
      "clientRoles": {},
      "subGroups": []
    },
    {
      "id": "4ec360f1-31c5-4e01-bbce-9a34e004a07c",
      "name": "ldap-keycloak",
      "path": "/ldap-keycloak",
      "attributes": {},
      "realmRoles": [],
      "clientRoles": {},
      "subGroups": []
    },
    {
      "id": "c53e0783-f6ac-438a-93fe-c469a9f89303",
      "name": "decentage-awmmanager",
      "path": "/decentage-awmmanager",
      "attributes": {},
      "realmRoles": [],
      "clientRoles": {
        "decentage-keycloak-gatekeeper": [
          "decentage-awmmanager"
        ]
      },
      "subGroups": []
    },
    {
      "id": "1eb55525-70f7-476e-9d6d-c2b4ce06f279",
      "name": "decentage-client-manager",
      "path": "/decentage-client-manager",
      "attributes": {},
      "realmRoles": [],
      "clientRoles": {
        "decentage-keycloak-gatekeeper": [
          "decentage-client-manager"
        ]
      },
      "subGroups": []
    },
    {
      "id": "458dbe33-f270-48c5-ab24-e9723dc22fae",
      "name": "decentage-compliance",
      "path": "/decentage-compliance",
      "attributes": {},
      "realmRoles": [],
      "clientRoles": {
        "decentage-keycloak-gatekeeper": [
          "decentage-compliance"
        ]
      },
      "subGroups": []
    },
    {
      "id": "7d25c998-092f-4d0c-82df-046f422a9275",
      "name": "decentage-operation",
      "path": "/decentage-operation",
      "attributes": {},
      "realmRoles": [],
      "clientRoles": {
        "decentage-keycloak-gatekeeper": [
          "decentage-operation"
        ]
      },
      "subGroups": []
    },
    {
      "id": "a86dfccc-176c-4932-b434-6c431a44bd36",
      "name": "decentage-orcc",
      "path": "/decentage-orcc",
      "attributes": {},
      "realmRoles": [],
      "clientRoles": {
        "decentage-keycloak-gatekeeper": [
          "decentage-orcc"
        ]
      },
      "subGroups": []
    },
    {
      "id": "ca0c4632-28a0-40f7-877a-4fb6ac933b87",
      "name": "decentage-prospect",
      "path": "/decentage-prospect",
      "attributes": {},
      "realmRoles": [],
      "clientRoles": {
        "decentage-keycloak-gatekeeper": [
          "decentage-prospect"
        ]
      },
      "subGroups": []
    }
  ],
  "defaultRoles": [
    "offline_access",
    "uma_authorization"
  ],
  "requiredCredentials": [
    "password"
  ],
  "passwordPolicy": "specialChars(1) and upperCase(1) and lowerCase(1) and length(8) and digits(1)",
  "otpPolicyType": "totp",
  "otpPolicyAlgorithm": "HmacSHA1",
  "otpPolicyInitialCounter": 0,
  "otpPolicyDigits": 6,
  "otpPolicyLookAheadWindow": 1,
  "otpPolicyPeriod": 30,
  "otpSupportedApplications": [
    "FreeOTP",
    "Google Authenticator"
  ],
  "scopeMappings": [
    {
      "clientScope": "offline_access",
      "roles": [
        "offline_access"
      ]
    }
  ],
  "clients": [
  {
      "id": "4c3533eb-45a4-43c4-9a93-2fc3ee744298",
      "clientId": "web_app",
      "rootUrl": "http://localhost",
      "adminUrl": "http://localhost",
      "surrogateAuthRequired": false,
      "enabled": true,
      "alwaysDisplayInConsole": false,
      "clientAuthenticatorType": "client-secret",
      "secret": "**********",
      "redirectUris": [
        "http://localhost/*"
      ],
      "webOrigins": [
        "http://localhost"
      ],
      "notBefore": 0,
      "bearerOnly": false,
      "consentRequired": false,
      "standardFlowEnabled": true,
      "implicitFlowEnabled": false,
      "directAccessGrantsEnabled": true,
      "serviceAccountsEnabled": false,
      "publicClient": true,
      "frontchannelLogout": false,
      "protocol": "openid-connect",
      "attributes": {
        "saml.assertion.signature": "false",
        "saml.force.post.binding": "false",
        "saml.multivalued.roles": "false",
        "saml.encrypt": "false",
        "login_theme": "keycloak",
        "saml.server.signature": "false",
        "saml.server.signature.keyinfo.ext": "false",
        "exclude.session.state.from.auth.response": "false",
        "saml_force_name_id_format": "false",
        "saml.client.signature": "false",
        "tls.client.certificate.bound.access.tokens": "false",
        "saml.authnstatement": "false",
        "display.on.consent.screen": "false",
        "saml.onetimeuse.condition": "false"
      },
      "authenticationFlowBindingOverrides": {},
      "fullScopeAllowed": true,
      "nodeReRegistrationTimeout": -1,
      "defaultClientScopes": [
        "web-origins",
        "role_list",
        "roles",
        "profile",
        "email"
      ],
      "optionalClientScopes": [
        "address",
        "phone",
        "offline_access",
        "microprofile-jwt"
      ]
    },
    {
      "id": "523a1305-918e-482c-9193-a588714152b6",
      "clientId": "account",
      "name": "${client_account}",
      "baseUrl": "/auth/realms/decentage-dop/account",
      "surrogateAuthRequired": false,
      "enabled": true,
      "clientAuthenticatorType": "client-secret",
      "secret": "**********",
      "defaultRoles": [
        "manage-account",
        "view-profile"
      ],
      "redirectUris": [
        "/auth/realms/decentage-dop/account/*"
      ],
      "webOrigins": [],
      "notBefore": 0,
      "bearerOnly": false,
      "consentRequired": false,
      "standardFlowEnabled": true,
      "implicitFlowEnabled": false,
      "directAccessGrantsEnabled": false,
      "serviceAccountsEnabled": false,
      "publicClient": false,
      "frontchannelLogout": false,
      "protocol": "openid-connect",
      "attributes": {},
      "authenticationFlowBindingOverrides": {},
      "fullScopeAllowed": false,
      "nodeReRegistrationTimeout": 0,
      "defaultClientScopes": [
        "web-origins",
        "role_list",
        "profile",
        "roles",
        "email"
      ],
      "optionalClientScopes": [
        "address",
        "phone",
        "offline_access",
        "microprofile-jwt"
      ]
    },
    {
      "id": "14384318-d878-4db8-8d55-610d938080b6",
      "clientId": "admin-cli",
      "name": "${client_admin-cli}",
      "surrogateAuthRequired": false,
      "enabled": true,
      "clientAuthenticatorType": "client-secret",
      "secret": "**********",
      "redirectUris": [],
      "webOrigins": [],
      "notBefore": 0,
      "bearerOnly": false,
      "consentRequired": false,
      "standardFlowEnabled": false,
      "implicitFlowEnabled": false,
      "directAccessGrantsEnabled": true,
      "serviceAccountsEnabled": false,
      "publicClient": true,
      "frontchannelLogout": false,
      "protocol": "openid-connect",
      "attributes": {},
      "authenticationFlowBindingOverrides": {},
      "fullScopeAllowed": false,
      "nodeReRegistrationTimeout": 0,
      "defaultClientScopes": [
        "web-origins",
        "role_list",
        "profile",
        "roles",
        "email"
      ],
      "optionalClientScopes": [
        "address",
        "phone",
        "offline_access",
        "microprofile-jwt"
      ]
    },
    {
      "id": "ec1e5641-8aa5-43bd-8854-794c131c2842",
      "clientId": "decentage-keycloak-gatekeeper",
      "name": "SEBA DOP Keycloak Gatekepper",
      "rootUrl": "http://localhost",
      "baseUrl": "",
      "surrogateAuthRequired": false,
      "enabled": true,
      "clientAuthenticatorType": "client-secret",
      "secret": "6d4da7a2-094e-402b-bfa5-57dd98fb3d2c",
      "defaultRoles": [
        "decentage-prospect"
      ],
      "redirectUris": [
        "http://localhost/*"
      ],
      "webOrigins": [
        "http://localhost/*"
      ],
      "notBefore": 0,
      "bearerOnly": false,
      "consentRequired": false,
      "standardFlowEnabled": true,
      "implicitFlowEnabled": false,
      "directAccessGrantsEnabled": true,
      "serviceAccountsEnabled": false,
      "publicClient": false,
      "frontchannelLogout": false,
      "protocol": "openid-connect",
      "attributes": {
        "saml.assertion.signature": "false",
        "access.token.lifespan": "600",
        "saml.force.post.binding": "false",
        "saml.multivalued.roles": "false",
        "saml.encrypt": "false",
        "login_theme": "decentage-dop",
        "saml.server.signature": "false",
        "saml.server.signature.keyinfo.ext": "false",
        "exclude.session.state.from.auth.response": "false",
        "saml_force_name_id_format": "false",
        "saml.client.signature": "false",
        "tls.client.certificate.bound.access.tokens": "false",
        "saml.authnstatement": "false",
        "display.on.consent.screen": "false",
        "saml.onetimeuse.condition": "false"
      },
      "authenticationFlowBindingOverrides": {},
      "fullScopeAllowed": true,
      "nodeReRegistrationTimeout": -1,
      "defaultClientScopes": [
        "web-origins",
        "aud",
        "role_list",
        "profile",
        "roles",
        "email"
      ],
      "optionalClientScopes": [
        "address",
        "phone",
        "offline_access",
        "microprofile-jwt"
      ]
    },
    {
      "id": "110170dc-b113-4c7d-85bb-16e32e399779",
      "clientId": "security-admin-console",
      "name": "${client_security-admin-console}",
      "baseUrl": "/auth/admin/decentage-dop/console/index.html",
      "surrogateAuthRequired": false,
      "enabled": true,
      "clientAuthenticatorType": "client-secret",
      "secret": "**********",
      "redirectUris": [
        "/auth/admin/decentage-dop/console/*"
      ],
      "webOrigins": [],
      "notBefore": 0,
      "bearerOnly": false,
      "consentRequired": false,
      "standardFlowEnabled": true,
      "implicitFlowEnabled": false,
      "directAccessGrantsEnabled": false,
      "serviceAccountsEnabled": false,
      "publicClient": true,
      "frontchannelLogout": false,
      "protocol": "openid-connect",
      "attributes": {},
      "authenticationFlowBindingOverrides": {},
      "fullScopeAllowed": false,
      "nodeReRegistrationTimeout": 0,
      "protocolMappers": [
        {
          "id": "ca1359cf-2639-4e82-bf72-90a14d7dfc6d",
          "name": "locale",
          "protocol": "openid-connect",
          "protocolMapper": "oidc-usermodel-attribute-mapper",
          "consentRequired": false,
          "config": {
            "userinfo.token.claim": "true",
            "user.attribute": "locale",
            "id.token.claim": "true",
            "access.token.claim": "true",
            "claim.name": "locale",
            "jsonType.label": "String"
          }
        }
      ],
      "defaultClientScopes": [
        "web-origins",
        "role_list",
        "profile",
        "roles",
        "email"
      ],
      "optionalClientScopes": [
        "address",
        "phone",
        "offline_access",
        "microprofile-jwt"
      ]
    },
    {
      "id": "a2d655d2-f96d-4d84-af9f-b0722d9efdfb",
      "clientId": "broker",
      "name": "${client_broker}",
      "surrogateAuthRequired": false,
      "enabled": true,
      "clientAuthenticatorType": "client-secret",
      "secret": "**********",
      "redirectUris": [],
      "webOrigins": [],
      "notBefore": 0,
      "bearerOnly": false,
      "consentRequired": false,
      "standardFlowEnabled": true,
      "implicitFlowEnabled": false,
      "directAccessGrantsEnabled": false,
      "serviceAccountsEnabled": false,
      "publicClient": false,
      "frontchannelLogout": false,
      "protocol": "openid-connect",
      "attributes": {},
      "authenticationFlowBindingOverrides": {},
      "fullScopeAllowed": false,
      "nodeReRegistrationTimeout": 0,
      "defaultClientScopes": [
        "web-origins",
        "role_list",
        "profile",
        "roles",
        "email"
      ],
      "optionalClientScopes": [
        "address",
        "phone",
        "offline_access",
        "microprofile-jwt"
      ]
    },
    {
      "id": "2853bed7-9344-49a6-aeaf-04d1e3095ea0",
      "clientId": "realm-management",
      "name": "${client_realm-management}",
      "surrogateAuthRequired": false,
      "enabled": true,
      "clientAuthenticatorType": "client-secret",
      "secret": "**********",
      "redirectUris": [],
      "webOrigins": [],
      "notBefore": 0,
      "bearerOnly": true,
      "consentRequired": false,
      "standardFlowEnabled": true,
      "implicitFlowEnabled": false,
      "directAccessGrantsEnabled": false,
      "serviceAccountsEnabled": false,
      "publicClient": false,
      "frontchannelLogout": false,
      "protocol": "openid-connect",
      "attributes": {},
      "authenticationFlowBindingOverrides": {},
      "fullScopeAllowed": false,
      "nodeReRegistrationTimeout": 0,
      "defaultClientScopes": [
        "web-origins",
        "role_list",
        "profile",
        "roles",
        "email"
      ],
      "optionalClientScopes": [
        "address",
        "phone",
        "offline_access",
        "microprofile-jwt"
      ]
    }
  ],
  "clientScopes": [
    {
      "id": "e4a79882-63df-44e9-9dae-ac9b68ae59e3",
      "name": "aud",
      "description": "Application Audience",
      "protocol": "openid-connect",
      "attributes": {
        "include.in.token.scope": "true",
        "display.on.consent.screen": "false"
      },
      "protocolMappers": [
        {
          "id": "b19c3b83-bbd2-426e-86d9-11cb187c3fd2",
          "name": "aud",
          "protocol": "openid-connect",
          "protocolMapper": "oidc-audience-mapper",
          "consentRequired": false,
          "config": {
            "included.client.audience": "decentage-keycloak-gatekeeper",
            "id.token.claim": "false",
            "access.token.claim": "true",
            "userinfo.token.claim": "false"
          }
        }
      ]
    },
    {
      "id": "ac7c2711-86a7-49f6-adb6-e071fbe1f694",
      "name": "microprofile-jwt",
      "description": "Microprofile - JWT built-in scope",
      "protocol": "openid-connect",
      "attributes": {
        "include.in.token.scope": "true",
        "display.on.consent.screen": "false"
      },
      "protocolMappers": [
        {
          "id": "da0a34b4-9c02-44fb-8c68-0ebd1bae1c67",
          "name": "upn",
          "protocol": "openid-connect",
          "protocolMapper": "oidc-usermodel-property-mapper",
          "consentRequired": false,
          "config": {
            "userinfo.token.claim": "true",
            "user.attribute": "username",
            "id.token.claim": "true",
            "access.token.claim": "true",
            "claim.name": "upn",
            "jsonType.label": "String"
          }
        },
        {
          "id": "191ec37b-c7bc-4b9a-ab75-138672455fea",
          "name": "groups",
          "protocol": "openid-connect",
          "protocolMapper": "oidc-usermodel-realm-role-mapper",
          "consentRequired": false,
          "config": {
            "multivalued": "true",
            "userinfo.token.claim": "true",
            "user.attribute": "foo",
            "id.token.claim": "true",
            "access.token.claim": "true",
            "claim.name": "groups",
            "jsonType.label": "String"
          }
        }
      ]
    },
    {
      "id": "b6bd112c-bf8d-4d56-8337-5b40cc723427",
      "name": "web-origins",
      "description": "OpenID Connect scope for add allowed web origins to the access token",
      "protocol": "openid-connect",
      "attributes": {
        "include.in.token.scope": "false",
        "display.on.consent.screen": "false",
        "consent.screen.text": ""
      },
      "protocolMappers": [
        {
          "id": "a75556b9-d5c7-4292-ab50-ffbd3b1dfbb0",
          "name": "allowed web origins",
          "protocol": "openid-connect",
          "protocolMapper": "oidc-allowed-origins-mapper",
          "consentRequired": false,
          "config": {}
        }
      ]
    },
    {
      "id": "7452056a-0760-489a-8e0c-70210095ba6d",
      "name": "roles",
      "description": "OpenID Connect scope for add user roles to the access token",
      "protocol": "openid-connect",
      "attributes": {
        "include.in.token.scope": "false",
        "display.on.consent.screen": "true",
        "consent.screen.text": "${rolesScopeConsentText}"
      },
      "protocolMappers": [
        {
          "id": "496b073b-46ec-4222-8ea0-bbabbe3e9f25",
          "name": "audience resolve",
          "protocol": "openid-connect",
          "protocolMapper": "oidc-audience-resolve-mapper",
          "consentRequired": false,
          "config": {}
        },
        {
          "id": "a379c161-017d-436f-be80-481b35ddbf45",
          "name": "client roles",
          "protocol": "openid-connect",
          "protocolMapper": "oidc-usermodel-client-role-mapper",
          "consentRequired": false,
          "config": {
            "user.attribute": "foo",
            "access.token.claim": "true",
            "claim.name": "resource_access.${client_id}.roles",
            "jsonType.label": "String",
            "multivalued": "true"
          }
        },
        {
          "id": "d8d3dcae-ee8c-4a4e-91b9-fb124b50f5ba",
          "name": "realm roles",
          "protocol": "openid-connect",
          "protocolMapper": "oidc-usermodel-realm-role-mapper",
          "consentRequired": false,
          "config": {
            "user.attribute": "foo",
            "access.token.claim": "true",
            "claim.name": "realm_access.roles",
            "jsonType.label": "String",
            "multivalued": "true"
          }
        }
      ]
    },
    {
      "id": "d27b1016-9bbb-4633-b467-ffa55df05ee6",
      "name": "phone",
      "description": "OpenID Connect built-in scope: phone",
      "protocol": "openid-connect",
      "attributes": {
        "include.in.token.scope": "true",
        "display.on.consent.screen": "true",
        "consent.screen.text": "${phoneScopeConsentText}"
      },
      "protocolMappers": [
        {
          "id": "55adc664-4d6d-44ad-8abd-56a18e75415c",
          "name": "phone number verified",
          "protocol": "openid-connect",
          "protocolMapper": "oidc-usermodel-attribute-mapper",
          "consentRequired": false,
          "config": {
            "userinfo.token.claim": "true",
            "user.attribute": "phoneNumberVerified",
            "id.token.claim": "true",
            "access.token.claim": "true",
            "claim.name": "phone_number_verified",
            "jsonType.label": "boolean"
          }
        },
        {
          "id": "fb5c1200-c39e-498d-a170-edc6335f753d",
          "name": "phone number",
          "protocol": "openid-connect",
          "protocolMapper": "oidc-usermodel-attribute-mapper",
          "consentRequired": false,
          "config": {
            "userinfo.token.claim": "true",
            "user.attribute": "phoneNumber",
            "id.token.claim": "true",
            "access.token.claim": "true",
            "claim.name": "phone_number",
            "jsonType.label": "String"
          }
        }
      ]
    },
    {
      "id": "306277ff-ebfe-42a6-9329-829948771309",
      "name": "address",
      "description": "OpenID Connect built-in scope: address",
      "protocol": "openid-connect",
      "attributes": {
        "include.in.token.scope": "true",
        "display.on.consent.screen": "true",
        "consent.screen.text": "${addressScopeConsentText}"
      },
      "protocolMappers": [
        {
          "id": "c73ca62d-c4c3-479a-b8fe-598a588c4613",
          "name": "address",
          "protocol": "openid-connect",
          "protocolMapper": "oidc-address-mapper",
          "consentRequired": false,
          "config": {
            "user.attribute.formatted": "formatted",
            "user.attribute.country": "country",
            "user.attribute.postal_code": "postal_code",
            "userinfo.token.claim": "true",
            "user.attribute.street": "street",
            "id.token.claim": "true",
            "user.attribute.region": "region",
            "access.token.claim": "true",
            "user.attribute.locality": "locality"
          }
        }
      ]
    },
    {
      "id": "feb075ce-5551-4c2e-9b3a-f9db1eac8b5a",
      "name": "email",
      "description": "OpenID Connect built-in scope: email",
      "protocol": "openid-connect",
      "attributes": {
        "include.in.token.scope": "true",
        "display.on.consent.screen": "true",
        "consent.screen.text": "${emailScopeConsentText}"
      },
      "protocolMappers": [
        {
          "id": "c9627190-73ba-4cb6-8723-620cf2a73eca",
          "name": "email",
          "protocol": "openid-connect",
          "protocolMapper": "oidc-usermodel-property-mapper",
          "consentRequired": false,
          "config": {
            "userinfo.token.claim": "true",
            "user.attribute": "email",
            "id.token.claim": "true",
            "access.token.claim": "true",
            "claim.name": "email",
            "jsonType.label": "String"
          }
        },
        {
          "id": "fbde1ca6-0296-438a-b205-76b2fb243182",
          "name": "email verified",
          "protocol": "openid-connect",
          "protocolMapper": "oidc-usermodel-property-mapper",
          "consentRequired": false,
          "config": {
            "userinfo.token.claim": "true",
            "user.attribute": "emailVerified",
            "id.token.claim": "true",
            "access.token.claim": "true",
            "claim.name": "email_verified",
            "jsonType.label": "boolean"
          }
        }
      ]
    },
    {
      "id": "c13bc759-db35-4c2f-8ea4-d8d6783325f0",
      "name": "profile",
      "description": "OpenID Connect built-in scope: profile",
      "protocol": "openid-connect",
      "attributes": {
        "include.in.token.scope": "true",
        "display.on.consent.screen": "true",
        "consent.screen.text": "${profileScopeConsentText}"
      },
      "protocolMappers": [
        {
          "id": "5356e437-c8f8-427d-a304-40670de79fb1",
          "name": "full name",
          "protocol": "openid-connect",
          "protocolMapper": "oidc-full-name-mapper",
          "consentRequired": false,
          "config": {
            "id.token.claim": "true",
            "access.token.claim": "true",
            "userinfo.token.claim": "true"
          }
        },
        {
          "id": "5eadf9e7-d97f-4273-8338-10e18167d897",
          "name": "given name",
          "protocol": "openid-connect",
          "protocolMapper": "oidc-usermodel-property-mapper",
          "consentRequired": false,
          "config": {
            "userinfo.token.claim": "true",
            "user.attribute": "firstName",
            "id.token.claim": "true",
            "access.token.claim": "true",
            "claim.name": "given_name",
            "jsonType.label": "String"
          }
        },
        {
          "id": "79c6e433-772e-420d-a114-8a9faa4c9187",
          "name": "locale",
          "protocol": "openid-connect",
          "protocolMapper": "oidc-usermodel-attribute-mapper",
          "consentRequired": false,
          "config": {
            "userinfo.token.claim": "true",
            "user.attribute": "locale",
            "id.token.claim": "true",
            "access.token.claim": "true",
            "claim.name": "locale",
            "jsonType.label": "String"
          }
        },
        {
          "id": "22c27765-7a31-4368-bb3a-14f3d2e71cf7",
          "name": "family name",
          "protocol": "openid-connect",
          "protocolMapper": "oidc-usermodel-property-mapper",
          "consentRequired": false,
          "config": {
            "userinfo.token.claim": "true",
            "user.attribute": "lastName",
            "id.token.claim": "true",
            "access.token.claim": "true",
            "claim.name": "family_name",
            "jsonType.label": "String"
          }
        },
        {
          "id": "cc2627ce-ff7d-480c-b481-05ee14d105c3",
          "name": "nickname",
          "protocol": "openid-connect",
          "protocolMapper": "oidc-usermodel-attribute-mapper",
          "consentRequired": false,
          "config": {
            "userinfo.token.claim": "true",
            "user.attribute": "nickname",
            "id.token.claim": "true",
            "access.token.claim": "true",
            "claim.name": "nickname",
            "jsonType.label": "String"
          }
        },
        {
          "id": "6c63a50a-4221-4973-ac38-e362ad4ac2c5",
          "name": "gender",
          "protocol": "openid-connect",
          "protocolMapper": "oidc-usermodel-attribute-mapper",
          "consentRequired": false,
          "config": {
            "userinfo.token.claim": "true",
            "user.attribute": "gender",
            "id.token.claim": "true",
            "access.token.claim": "true",
            "claim.name": "gender",
            "jsonType.label": "String"
          }
        },
        {
          "id": "1a2e6b09-98d5-4b3b-a926-f1999f666790",
          "name": "profile",
          "protocol": "openid-connect",
          "protocolMapper": "oidc-usermodel-attribute-mapper",
          "consentRequired": false,
          "config": {
            "userinfo.token.claim": "true",
            "user.attribute": "profile",
            "id.token.claim": "true",
            "access.token.claim": "true",
            "claim.name": "profile",
            "jsonType.label": "String"
          }
        },
        {
          "id": "9a9fa5d2-6e2f-4935-bb36-8aa7d9ef0afe",
          "name": "zoneinfo",
          "protocol": "openid-connect",
          "protocolMapper": "oidc-usermodel-attribute-mapper",
          "consentRequired": false,
          "config": {
            "userinfo.token.claim": "true",
            "user.attribute": "zoneinfo",
            "id.token.claim": "true",
            "access.token.claim": "true",
            "claim.name": "zoneinfo",
            "jsonType.label": "String"
          }
        },
        {
          "id": "5da458b8-73b3-4a56-8776-38e6ea5e56a6",
          "name": "updated at",
          "protocol": "openid-connect",
          "protocolMapper": "oidc-usermodel-attribute-mapper",
          "consentRequired": false,
          "config": {
            "userinfo.token.claim": "true",
            "user.attribute": "updatedAt",
            "id.token.claim": "true",
            "access.token.claim": "true",
            "claim.name": "updated_at",
            "jsonType.label": "String"
          }
        },
        {
          "id": "2c1ebff9-8b1b-4236-b267-976e064056bb",
          "name": "username",
          "protocol": "openid-connect",
          "protocolMapper": "oidc-usermodel-property-mapper",
          "consentRequired": false,
          "config": {
            "userinfo.token.claim": "true",
            "user.attribute": "username",
            "id.token.claim": "true",
            "access.token.claim": "true",
            "claim.name": "preferred_username",
            "jsonType.label": "String"
          }
        },
        {
          "id": "0cd1be38-dc39-4c74-86c8-c691f7751677",
          "name": "middle name",
          "protocol": "openid-connect",
          "protocolMapper": "oidc-usermodel-attribute-mapper",
          "consentRequired": false,
          "config": {
            "userinfo.token.claim": "true",
            "user.attribute": "middleName",
            "id.token.claim": "true",
            "access.token.claim": "true",
            "claim.name": "middle_name",
            "jsonType.label": "String"
          }
        },
        {
          "id": "707a79e7-1139-4a1f-b649-c0a76bb5b53a",
          "name": "birthdate",
          "protocol": "openid-connect",
          "protocolMapper": "oidc-usermodel-attribute-mapper",
          "consentRequired": false,
          "config": {
            "userinfo.token.claim": "true",
            "user.attribute": "birthdate",
            "id.token.claim": "true",
            "access.token.claim": "true",
            "claim.name": "birthdate",
            "jsonType.label": "String"
          }
        },
        {
          "id": "371e6173-48b6-45cc-9b54-bc10af27ceca",
          "name": "website",
          "protocol": "openid-connect",
          "protocolMapper": "oidc-usermodel-attribute-mapper",
          "consentRequired": false,
          "config": {
            "userinfo.token.claim": "true",
            "user.attribute": "website",
            "id.token.claim": "true",
            "access.token.claim": "true",
            "claim.name": "website",
            "jsonType.label": "String"
          }
        },
        {
          "id": "e293d24d-323b-4a89-91ce-4dcf728923eb",
          "name": "picture",
          "protocol": "openid-connect",
          "protocolMapper": "oidc-usermodel-attribute-mapper",
          "consentRequired": false,
          "config": {
            "userinfo.token.claim": "true",
            "user.attribute": "picture",
            "id.token.claim": "true",
            "access.token.claim": "true",
            "claim.name": "picture",
            "jsonType.label": "String"
          }
        }
      ]
    },
    {
      "id": "a6f78d9f-c5a6-42e8-a933-33735acbb205",
      "name": "role_list",
      "description": "SAML role list",
      "protocol": "saml",
      "attributes": {
        "consent.screen.text": "${samlRoleListScopeConsentText}",
        "display.on.consent.screen": "true"
      },
      "protocolMappers": [
        {
          "id": "1206baa1-d977-4b19-9dc5-8704b19d3d42",
          "name": "role list",
          "protocol": "saml",
          "protocolMapper": "saml-role-list-mapper",
          "consentRequired": false,
          "config": {
            "single": "false",
            "attribute.nameformat": "Basic",
            "attribute.name": "Role"
          }
        }
      ]
    },
    {
      "id": "95e78882-84df-40e2-b7e2-2d278b51750c",
      "name": "offline_access",
      "description": "OpenID Connect built-in scope: offline_access",
      "protocol": "openid-connect",
      "attributes": {
        "consent.screen.text": "${offlineAccessScopeConsentText}",
        "display.on.consent.screen": "true"
      }
    }
  ],
  "defaultDefaultClientScopes": [
    "role_list",
    "profile",
    "email",
    "roles",
    "web-origins"
  ],
  "defaultOptionalClientScopes": [
    "offline_access",
    "address",
    "phone",
    "microprofile-jwt"
  ],
  "browserSecurityHeaders": {
    "contentSecurityPolicyReportOnly": "",
    "xContentTypeOptions": "nosniff",
    "xRobotsTag": "none",
    "xFrameOptions": "DENY",
    "xXSSProtection": "1; mode=block",
    "contentSecurityPolicy": "frame-src 'self'; frame-ancestors 'self'; object-src 'none';",
    "strictTransportSecurity": "max-age=31536000; includeSubDomains"
  },
  "smtpServer": {
    "password": "@nMrhcg13oaPOO0NvxY$",
    "replyToDisplayName": "SEBA DOP",
    "starttls": "true",
    "auth": "true",
    "port": "587",
    "host": "smtp.gmail.com",
    "replyTo": "",
    "from": "decentage.io@gmail.com",
    "fromDisplayName": "Decentage Digital Onboarding",
    "ssl": "false",
    "user": "decentage.io@gmail.com"
  },
  "emailTheme": "decentage-dop",
  "eventsEnabled": false,
  "eventsListeners": [
    "jboss-logging"
  ],
  "enabledEventTypes": [],
  "adminEventsEnabled": false,
  "adminEventsDetailsEnabled": false,
  "components": {
    "org.keycloak.services.clientregistration.policy.ClientRegistrationPolicy": [
      {
        "id": "688d95d6-c839-4eba-829e-a0a107978d3f",
        "name": "Allowed Protocol Mapper Types",
        "providerId": "allowed-protocol-mappers",
        "subType": "anonymous",
        "subComponents": {},
        "config": {
          "allowed-protocol-mapper-types": [
            "oidc-usermodel-attribute-mapper",
            "oidc-full-name-mapper",
            "saml-user-attribute-mapper",
            "saml-user-property-mapper",
            "saml-role-list-mapper",
            "oidc-sha256-pairwise-sub-mapper",
            "oidc-usermodel-property-mapper",
            "oidc-address-mapper"
          ]
        }
      },
      {
        "id": "8394cf17-d4b6-48c4-a85b-9a0e3031e10d",
        "name": "Trusted Hosts",
        "providerId": "trusted-hosts",
        "subType": "anonymous",
        "subComponents": {},
        "config": {
          "host-sending-registration-request-must-match": [
            "true"
          ],
          "client-uris-must-match": [
            "true"
          ]
        }
      },
      {
        "id": "b8fff71d-c33f-4b33-8842-cfdab900c09c",
        "name": "Allowed Protocol Mapper Types",
        "providerId": "allowed-protocol-mappers",
        "subType": "authenticated",
        "subComponents": {},
        "config": {
          "allowed-protocol-mapper-types": [
            "oidc-sha256-pairwise-sub-mapper",
            "saml-user-property-mapper",
            "saml-user-attribute-mapper",
            "oidc-address-mapper",
            "saml-role-list-mapper",
            "oidc-usermodel-attribute-mapper",
            "oidc-usermodel-property-mapper",
            "oidc-full-name-mapper"
          ]
        }
      },
      {
        "id": "e43ce802-b5d9-455c-b326-e52545cf6cff",
        "name": "Consent Required",
        "providerId": "consent-required",
        "subType": "anonymous",
        "subComponents": {},
        "config": {}
      },
      {
        "id": "1b206968-a8bf-49d9-840e-effd4108d258",
        "name": "Max Clients Limit",
        "providerId": "max-clients",
        "subType": "anonymous",
        "subComponents": {},
        "config": {
          "max-clients": [
            "200"
          ]
        }
      },
      {
        "id": "d0940c2c-a8b7-4e22-8e4f-b42f46993262",
        "name": "Allowed Client Scopes",
        "providerId": "allowed-client-templates",
        "subType": "authenticated",
        "subComponents": {},
        "config": {
          "allow-default-scopes": [
            "true"
          ]
        }
      },
      {
        "id": "cb7c9f39-ff67-48d8-9a2d-07fb8c9838c6",
        "name": "Allowed Client Scopes",
        "providerId": "allowed-client-templates",
        "subType": "anonymous",
        "subComponents": {},
        "config": {
          "allow-default-scopes": [
            "true"
          ]
        }
      },
      {
        "id": "810fcbf0-2a33-4333-80c0-46e310bf06a7",
        "name": "Full Scope Disabled",
        "providerId": "scope",
        "subType": "anonymous",
        "subComponents": {},
        "config": {}
      }
    ],
    "org.keycloak.storage.UserStorageProvider": [
      {
        "id": "4ca22947-76ff-48bf-8eab-e8e9d007a1ab",
        "name": "decentage-dop-ldap",
        "providerId": "ldap",
        "subComponents": {
          "org.keycloak.storage.ldap.mappers.LDAPStorageMapper": [
            {
              "id": "be6d5955-5799-4855-af61-575be0ff48eb",
              "name": "last name",
              "providerId": "user-attribute-ldap-mapper",
              "subComponents": {},
              "config": {
                "ldap.attribute": [
                  "sn"
                ],
                "is.mandatory.in.ldap": [
                  "true"
                ],
                "read.only": [
                  "false"
                ],
                "always.read.value.from.ldap": [
                  "true"
                ],
                "user.model.attribute": [
                  "lastName"
                ]
              }
            },
            {
              "id": "459008e2-8d1a-49cb-b825-86f66c6c6408",
              "name": "groups",
              "providerId": "group-ldap-mapper",
              "subComponents": {},
              "config": {
                "mode": [
                  "LDAP_ONLY"
                ],
                "membership.attribute.type": [
                  "DN"
                ],
                "user.roles.retrieve.strategy": [
                  "LOAD_GROUPS_BY_MEMBER_ATTRIBUTE"
                ],
                "group.name.ldap.attribute": [
                  "cn"
                ],
                "membership.user.ldap.attribute": [
                  "uid"
                ],
                "membership.ldap.attribute": [
                  "member"
                ],
                "preserve.group.inheritance": [
                  "true"
                ],
                "ignore.missing.groups": [
                  "false"
                ],
                "groups.dn": [
                  "ou=groups,ou=decentage-dop,dc=decentage,dc=swiss"
                ],
                "group.object.classes": [
                  "groupOfNames"
                ],
                "memberof.ldap.attribute": [
                  "memberOf"
                ],
                "drop.non.existing.groups.during.sync": [
                  "true"
                ]
              }
            },
            {
              "id": "4190a6a1-ec51-465a-80dc-29fdce71a446",
              "name": "creation date",
              "providerId": "user-attribute-ldap-mapper",
              "subComponents": {},
              "config": {
                "ldap.attribute": [
                  "createTimestamp"
                ],
                "is.mandatory.in.ldap": [
                  "false"
                ],
                "read.only": [
                  "true"
                ],
                "always.read.value.from.ldap": [
                  "true"
                ],
                "user.model.attribute": [
                  "createTimestamp"
                ]
              }
            },
            {
              "id": "3228a47b-83fc-4732-84b8-03be54c5da5e",
              "name": "mobileNumber",
              "providerId": "user-attribute-ldap-mapper",
              "subComponents": {},
              "config": {
                "ldap.attribute": [
                  "mobile"
                ],
                "is.mandatory.in.ldap": [
                  "false"
                ],
                "is.binary.attribute": [
                  "false"
                ],
                "always.read.value.from.ldap": [
                  "true"
                ],
                "read.only": [
                  "false"
                ],
                "user.model.attribute": [
                  "mobile_number"
                ]
              }
            },
            {
              "id": "c894b365-39c1-4f94-829d-50658d4520eb",
              "name": "first name",
              "providerId": "user-attribute-ldap-mapper",
              "subComponents": {},
              "config": {
                "ldap.attribute": [
                  "cn"
                ],
                "is.mandatory.in.ldap": [
                  "true"
                ],
                "always.read.value.from.ldap": [
                  "true"
                ],
                "read.only": [
                  "false"
                ],
                "user.model.attribute": [
                  "firstName"
                ]
              }
            },
            {
              "id": "1a4b5028-68ac-4b62-a7ad-6e682ee5355d",
              "name": "modify date",
              "providerId": "user-attribute-ldap-mapper",
              "subComponents": {},
              "config": {
                "ldap.attribute": [
                  "modifyTimestamp"
                ],
                "is.mandatory.in.ldap": [
                  "false"
                ],
                "read.only": [
                  "true"
                ],
                "always.read.value.from.ldap": [
                  "true"
                ],
                "user.model.attribute": [
                  "modifyTimestamp"
                ]
              }
            },
            {
              "id": "d63c074c-91c5-4ede-951e-4965ec048397",
              "name": "username",
              "providerId": "user-attribute-ldap-mapper",
              "subComponents": {},
              "config": {
                "ldap.attribute": [
                  "uid"
                ],
                "is.mandatory.in.ldap": [
                  "true"
                ],
                "read.only": [
                  "false"
                ],
                "always.read.value.from.ldap": [
                  "false"
                ],
                "user.model.attribute": [
                  "username"
                ]
              }
            },
            {
              "id": "56e47e61-6d6c-4dd0-ba52-9a4a1b28744f",
              "name": "email",
              "providerId": "user-attribute-ldap-mapper",
              "subComponents": {},
              "config": {
                "ldap.attribute": [
                  "mail"
                ],
                "is.mandatory.in.ldap": [
                  "true"
                ],
                "is.binary.attribute": [
                  "false"
                ],
                "read.only": [
                  "false"
                ],
                "always.read.value.from.ldap": [
                  "false"
                ],
                "user.model.attribute": [
                  "email"
                ]
              }
            },
            {
              "id": "fcf97b62-5892-4646-a933-5099ce015651",
              "name": "mobileNumber",
              "providerId": "user-attribute-ldap-mapper",
              "subComponents": {},
              "config": {
                "ldap.attribute": [
                  "mobile"
                ],
                "is.mandatory.in.ldap": [
                  "false"
                ],
                "is.binary.attribute": [
                  "false"
                ],
                "always.read.value.from.ldap": [
                  "true"
                ],
                "read.only": [
                  "false"
                ],
                "user.model.attribute": [
                  "mobile_number"
                ]
              }
            }
          ]
        },
        "config": {
          "fullSyncPeriod": [
            "604800"
          ],
          "pagination": [
            "true"
          ],
          "usersDn": [
            "ou=users,ou=decentage-dop,dc=decentage,dc=swiss"
          ],
          "connectionPooling": [
            "true"
          ],
          "cachePolicy": [
            "DEFAULT"
          ],
          "useKerberosForPasswordAuthentication": [
            "false"
          ],
          "importEnabled": [
            "true"
          ],
          "enabled": [
            "true"
          ],
          "bindDn": [
            "cn=ldap-keycloak,ou=applications,dc=decentage,dc=swiss"
          ],
          "bindCredential": [
            "admin"
          ],
          "changedSyncPeriod": [
            "86400"
          ],
          "usernameLDAPAttribute": [
            "uid"
          ],
          "lastSync": [
            "1565695839"
          ],
          "vendor": [
            "other"
          ],
          "uuidLDAPAttribute": [
            "entryUUID"
          ],
          "connectionUrl": [
            "ldap://ldap:389"
          ],
          "allowKerberosAuthentication": [
            "false"
          ],
          "syncRegistrations": [
            "true"
          ],
          "authType": [
            "simple"
          ],
          "debug": [
            "false"
          ],
          "searchScope": [
            "2"
          ],
          "useTruststoreSpi": [
            "ldapsOnly"
          ],
          "priority": [
            "0"
          ],
          "userObjectClasses": [
            "inetOrgPerson, organizationalPerson"
          ],
          "rdnLDAPAttribute": [
            "uid"
          ],
          "editMode": [
            "WRITABLE"
          ],
          "validatePasswordPolicy": [
            "false"
          ],
          "batchSizeForSync": [
            "1000"
          ]
        }
      }
    ],
    "org.keycloak.keys.KeyProvider": [
      {
        "id": "2969a977-6304-4fee-b93e-775ef9fec99b",
        "name": "aes-generated",
        "providerId": "aes-generated",
        "subComponents": {},
        "config": {
          "priority": [
            "100"
          ]
        }
      },
      {
        "id": "5063d50e-58e0-4eca-a52f-1235985dcd21",
        "name": "rsa-generated",
        "providerId": "rsa-generated",
        "subComponents": {},
        "config": {
          "priority": [
            "100"
          ]
        }
      },
      {
        "id": "16c75d00-b6ef-4797-af19-aa41ac0b8180",
        "name": "hmac-generated",
        "providerId": "hmac-generated",
        "subComponents": {},
        "config": {
          "priority": [
            "100"
          ],
          "algorithm": [
            "HS256"
          ]
        }
      }
    ]
  },
  "internationalizationEnabled": false,
  "supportedLocales": [],
  "authenticationFlows": [
    {
      "id": "64f84299-3393-471d-9393-06b17864c893",
      "alias": "Handle Existing Account",
      "description": "Handle what to do if there is existing account with same email/username like authenticated identity provider",
      "providerId": "basic-flow",
      "topLevel": false,
      "builtIn": true,
      "authenticationExecutions": [
        {
          "authenticator": "idp-confirm-link",
          "requirement": "REQUIRED",
          "priority": 10,
          "userSetupAllowed": false,
          "autheticatorFlow": false
        },
        {
          "authenticator": "idp-email-verification",
          "requirement": "ALTERNATIVE",
          "priority": 20,
          "userSetupAllowed": false,
          "autheticatorFlow": false
        },
        {
          "requirement": "ALTERNATIVE",
          "priority": 30,
          "flowAlias": "Verify Existing Account by Re-authentication",
          "userSetupAllowed": false,
          "autheticatorFlow": true
        }
      ]
    },
    {
      "id": "f9d42c98-69e9-4269-9fe9-d2b235967ea8",
      "alias": "Sms Login",
      "description": "browser based authentication",
      "providerId": "basic-flow",
      "topLevel": true,
      "builtIn": false,
      "authenticationExecutions": [
        {
          "authenticator": "auth-cookie",
          "requirement": "DISABLED",
          "priority": 10,
          "userSetupAllowed": false,
          "autheticatorFlow": false
        },
        {
          "authenticator": "auth-spnego",
          "requirement": "DISABLED",
          "priority": 20,
          "userSetupAllowed": false,
          "autheticatorFlow": false
        },
        {
          "authenticator": "identity-provider-redirector",
          "requirement": "DISABLED",
          "priority": 25,
          "userSetupAllowed": false,
          "autheticatorFlow": false
        },
        {
          "requirement": "DISABLED",
          "priority": 30,
          "flowAlias": "Sms Login forms",
          "userSetupAllowed": false,
          "autheticatorFlow": true
        },
        {
          "authenticator": "magic-form",
          "requirement": "REQUIRED",
          "priority": 32,
          "userSetupAllowed": false,
          "autheticatorFlow": false
        },
        {
          "authenticatorConfig": "sms-auth",
          "authenticator": "sms-authentication",
          "requirement": "REQUIRED",
          "priority": 33,
          "userSetupAllowed": false,
          "autheticatorFlow": false
        }
      ]
    },
    {
      "id": "f4089792-47d3-453c-ae72-be7eb1dd56e4",
      "alias": "Sms Login forms",
      "description": "Username, password, otp and other auth forms.",
      "providerId": "basic-flow",
      "topLevel": false,
      "builtIn": false,
      "authenticationExecutions": []
    },
    {
      "id": "afeaccdb-b30c-4ec9-b96b-d5860529fd2e",
      "alias": "Sms MagicLink Registration",
      "description": "registration flow",
      "providerId": "basic-flow",
      "topLevel": true,
      "builtIn": false,
      "authenticationExecutions": [
        {
          "authenticatorConfig": "sms-auth",
          "authenticator": "sms-authentication",
          "requirement": "REQUIRED",
          "priority": 12,
          "userSetupAllowed": false,
          "autheticatorFlow": false
        }
      ]
    },
    {
      "id": "ba9e0d83-1abd-43d0-9901-0d923344f9a0",
      "alias": "Verify Existing Account by Re-authentication",
      "description": "Reauthentication of existing account",
      "providerId": "basic-flow",
      "topLevel": false,
      "builtIn": true,
      "authenticationExecutions": [
        {
          "authenticator": "idp-username-password-form",
          "requirement": "REQUIRED",
          "priority": 10,
          "userSetupAllowed": false,
          "autheticatorFlow": false
        },
        {
          "authenticator": "auth-otp-form",
          "requirement": "OPTIONAL",
          "priority": 20,
          "userSetupAllowed": false,
          "autheticatorFlow": false
        }
      ]
    },
    {
      "id": "b965600c-b487-48f9-ac1e-de068c2620aa",
      "alias": "browser",
      "description": "browser based authentication",
      "providerId": "basic-flow",
      "topLevel": true,
      "builtIn": true,
      "authenticationExecutions": [
        {
          "authenticator": "auth-cookie",
          "requirement": "ALTERNATIVE",
          "priority": 10,
          "userSetupAllowed": false,
          "autheticatorFlow": false
        },
        {
          "authenticator": "auth-spnego",
          "requirement": "DISABLED",
          "priority": 20,
          "userSetupAllowed": false,
          "autheticatorFlow": false
        },
        {
          "authenticator": "identity-provider-redirector",
          "requirement": "ALTERNATIVE",
          "priority": 25,
          "userSetupAllowed": false,
          "autheticatorFlow": false
        },
        {
          "requirement": "ALTERNATIVE",
          "priority": 30,
          "flowAlias": "forms",
          "userSetupAllowed": false,
          "autheticatorFlow": true
        }
      ]
    },
    {
      "id": "268a1e37-0fe1-4fd3-a389-9bfd354785da",
      "alias": "clients",
      "description": "Base authentication for clients",
      "providerId": "client-flow",
      "topLevel": true,
      "builtIn": true,
      "authenticationExecutions": [
        {
          "authenticator": "client-secret",
          "requirement": "ALTERNATIVE",
          "priority": 10,
          "userSetupAllowed": false,
          "autheticatorFlow": false
        },
        {
          "authenticator": "client-jwt",
          "requirement": "ALTERNATIVE",
          "priority": 20,
          "userSetupAllowed": false,
          "autheticatorFlow": false
        },
        {
          "authenticator": "client-secret-jwt",
          "requirement": "ALTERNATIVE",
          "priority": 30,
          "userSetupAllowed": false,
          "autheticatorFlow": false
        },
        {
          "authenticator": "client-x509",
          "requirement": "ALTERNATIVE",
          "priority": 40,
          "userSetupAllowed": false,
          "autheticatorFlow": false
        }
      ]
    },
    {
      "id": "40720b8f-47dc-4572-bd78-3ec6f3ebd30b",
      "alias": "direct grant",
      "description": "OpenID Connect Resource Owner Grant",
      "providerId": "basic-flow",
      "topLevel": true,
      "builtIn": true,
      "authenticationExecutions": [
        {
          "authenticator": "direct-grant-validate-username",
          "requirement": "REQUIRED",
          "priority": 10,
          "userSetupAllowed": false,
          "autheticatorFlow": false
        },
        {
          "authenticator": "direct-grant-validate-password",
          "requirement": "REQUIRED",
          "priority": 20,
          "userSetupAllowed": false,
          "autheticatorFlow": false
        },
        {
          "authenticator": "direct-grant-validate-otp",
          "requirement": "OPTIONAL",
          "priority": 30,
          "userSetupAllowed": false,
          "autheticatorFlow": false
        }
      ]
    },
    {
      "id": "8e02f10a-5d41-4b1d-8199-5919c6f9c697",
      "alias": "docker auth",
      "description": "Used by Docker clients to authenticate against the IDP",
      "providerId": "basic-flow",
      "topLevel": true,
      "builtIn": true,
      "authenticationExecutions": [
        {
          "authenticator": "docker-http-basic-authenticator",
          "requirement": "REQUIRED",
          "priority": 10,
          "userSetupAllowed": false,
          "autheticatorFlow": false
        }
      ]
    },
    {
      "id": "9f417338-3238-48fd-bea9-7439324ec6ba",
      "alias": "first broker login",
      "description": "Actions taken after first broker login with identity provider account, which is not yet linked to any Keycloak account",
      "providerId": "basic-flow",
      "topLevel": true,
      "builtIn": true,
      "authenticationExecutions": [
        {
          "authenticatorConfig": "review profile config",
          "authenticator": "idp-review-profile",
          "requirement": "REQUIRED",
          "priority": 10,
          "userSetupAllowed": false,
          "autheticatorFlow": false
        },
        {
          "authenticatorConfig": "create unique user config",
          "authenticator": "idp-create-user-if-unique",
          "requirement": "ALTERNATIVE",
          "priority": 20,
          "userSetupAllowed": false,
          "autheticatorFlow": false
        },
        {
          "requirement": "ALTERNATIVE",
          "priority": 30,
          "flowAlias": "Handle Existing Account",
          "userSetupAllowed": false,
          "autheticatorFlow": true
        }
      ]
    },
    {
      "id": "ae67b23a-83c1-4a83-a2c8-9a2f6bd64984",
      "alias": "forms",
      "description": "Username, password, otp and other auth forms.",
      "providerId": "basic-flow",
      "topLevel": false,
      "builtIn": true,
      "authenticationExecutions": [
        {
          "authenticator": "auth-username-password-form",
          "requirement": "REQUIRED",
          "priority": 10,
          "userSetupAllowed": false,
          "autheticatorFlow": false
        },
        {
          "authenticator": "auth-otp-form",
          "requirement": "DISABLED",
          "priority": 20,
          "userSetupAllowed": false,
          "autheticatorFlow": false
        }
      ]
    },
    {
      "id": "9e4a30a7-5f5e-4107-9e37-28eed82e2aba",
      "alias": "http challenge",
      "description": "An authentication flow based on challenge-response HTTP Authentication Schemes",
      "providerId": "basic-flow",
      "topLevel": true,
      "builtIn": true,
      "authenticationExecutions": [
        {
          "authenticator": "no-cookie-redirect",
          "requirement": "REQUIRED",
          "priority": 10,
          "userSetupAllowed": false,
          "autheticatorFlow": false
        },
        {
          "authenticator": "basic-auth",
          "requirement": "REQUIRED",
          "priority": 20,
          "userSetupAllowed": false,
          "autheticatorFlow": false
        },
        {
          "authenticator": "basic-auth-otp",
          "requirement": "DISABLED",
          "priority": 30,
          "userSetupAllowed": false,
          "autheticatorFlow": false
        },
        {
          "authenticator": "auth-spnego",
          "requirement": "DISABLED",
          "priority": 40,
          "userSetupAllowed": false,
          "autheticatorFlow": false
        }
      ]
    },
    {
      "id": "6f3f5600-d022-4af6-9242-5bc488a1e80f",
      "alias": "registration",
      "description": "registration flow",
      "providerId": "basic-flow",
      "topLevel": true,
      "builtIn": true,
      "authenticationExecutions": [
        {
          "authenticator": "registration-page-form",
          "requirement": "REQUIRED",
          "priority": 10,
          "flowAlias": "registration form",
          "userSetupAllowed": false,
          "autheticatorFlow": true
        }
      ]
    },
    {
      "id": "76a97d72-42b2-4924-ae93-15635a79455e",
      "alias": "registration form",
      "description": "registration form",
      "providerId": "form-flow",
      "topLevel": false,
      "builtIn": true,
      "authenticationExecutions": [
        {
          "authenticator": "registration-user-creation",
          "requirement": "REQUIRED",
          "priority": 20,
          "userSetupAllowed": false,
          "autheticatorFlow": false
        },
        {
          "authenticator": "registration-profile-action",
          "requirement": "REQUIRED",
          "priority": 40,
          "userSetupAllowed": false,
          "autheticatorFlow": false
        },
        {
          "authenticator": "registration-password-action",
          "requirement": "REQUIRED",
          "priority": 50,
          "userSetupAllowed": false,
          "autheticatorFlow": false
        },
        {
          "authenticator": "registration-recaptcha-action",
          "requirement": "DISABLED",
          "priority": 60,
          "userSetupAllowed": false,
          "autheticatorFlow": false
        }
      ]
    },
    {
      "id": "c847743b-932e-4023-ab5e-496610ff57a6",
      "alias": "reset credentials",
      "description": "Reset credentials for a user if they forgot their password or something",
      "providerId": "basic-flow",
      "topLevel": true,
      "builtIn": true,
      "authenticationExecutions": [
        {
          "authenticator": "reset-credentials-choose-user",
          "requirement": "REQUIRED",
          "priority": 10,
          "userSetupAllowed": false,
          "autheticatorFlow": false
        },
        {
          "authenticator": "reset-credential-email",
          "requirement": "REQUIRED",
          "priority": 20,
          "userSetupAllowed": false,
          "autheticatorFlow": false
        },
        {
          "authenticator": "reset-password",
          "requirement": "REQUIRED",
          "priority": 30,
          "userSetupAllowed": false,
          "autheticatorFlow": false
        },
        {
          "authenticator": "reset-otp",
          "requirement": "OPTIONAL",
          "priority": 40,
          "userSetupAllowed": false,
          "autheticatorFlow": false
        }
      ]
    },
    {
      "id": "82c9d535-3992-42cb-b8ae-9b321bd7b9e0",
      "alias": "saml ecp",
      "description": "SAML ECP Profile Authentication Flow",
      "providerId": "basic-flow",
      "topLevel": true,
      "builtIn": true,
      "authenticationExecutions": [
        {
          "authenticator": "http-basic-authenticator",
          "requirement": "REQUIRED",
          "priority": 10,
          "userSetupAllowed": false,
          "autheticatorFlow": false
        }
      ]
    }
  ],
  "authenticatorConfig": [
    {
      "id": "918e9bee-c52a-4f39-bb5f-249386713964",
      "alias": "create unique user config",
      "config": {
        "require.password.update.after.registration": "false"
      }
    },
    {
      "id": "ccbcb5e4-b02e-40e1-9ac1-48c56002ae34",
      "alias": "review profile config",
      "config": {
        "update.profile.on.first.login": "missing"
      }
    },
    {
      "id": "d2e92f40-d118-4cac-96c2-0b3a210e7468",
      "alias": "sms-auth",
      "config": {
        "sms-auth.sms.clientSecret": "PYcESGCOF2Y45Pe8",
        "sms-auth.baseUrl": "https://api.swisscom.com",
        "sms-auth.code.version": "2",
        "sms-auth.code.text": "Verification code: %TOKEN% \r\n Expires in 5 minutes",
        "sms-auth.code.length": "6",
        "sms-auth.code.tokenType": "SHORT_SMALL_AND_CAPITAL",
        "sms-auth.code.expiration": "300",
        "sms-auth.sms.clientId": "XOqmdR7EHrErRDPG8kR3u0G2GpnGwNJf"
      }
    },
    {
      "id": "86625fae-4227-440c-986d-bb489550fa11",
      "alias": "sms-auth",
      "config": {
        "sms-auth.sms.clientSecret": "PYcESGCOF2Y45Pe8",
        "sms-auth.baseUrl": "https://api.swisscom.com",
        "sms-auth.code.version": "2",
        "sms-auth.code.text": "Verification code: %TOKEN% \r\n Expires in 5 minutes",
        "sms-auth.code.length": "6",
        "sms-auth.code.tokenType": "SHORT_SMALL_AND_CAPITAL",
        "sms-auth.code.expiration": "300",
        "sms-auth.sms.clientId": "XOqmdR7EHrErRDPG8kR3u0G2GpnGwNJf"
      }
    },
    {
      "id": "dea1d1da-e45b-4d51-8b8a-959eb12fee1c",
      "alias": "sms-login-config",
      "config": {
        "sms-auth.code.length": "6",
        "sms-auth.code.ttl": "300"
      }
    },
    {
      "id": "db4b0634-a45f-49fe-ae6b-bd1eab23cdc8",
      "alias": "sms-registration-config",
      "config": {
        "sms-auth.code.length": "6",
        "sms-auth.code.ttl": "300"
      }
    }
  ],
  "requiredActions": [
    {
      "alias": "VERIFY_EMAIL",
      "name": "Verify Email",
      "providerId": "VERIFY_EMAIL",
      "enabled": false,
      "defaultAction": true,
      "priority": 10,
      "config": {}
    },
    {
      "alias": "CONFIGURE_TOTP",
      "name": "Configure OTP",
      "providerId": "CONFIGURE_TOTP",
      "enabled": true,
      "defaultAction": false,
      "priority": 20,
      "config": {}
    },
    {
      "alias": "terms_and_conditions",
      "name": "Terms and Conditions",
      "providerId": "terms_and_conditions",
      "enabled": true,
      "defaultAction": true,
      "priority": 30,
      "config": {}
    },
    {
      "alias": "UPDATE_PASSWORD",
      "name": "Update Password",
      "providerId": "UPDATE_PASSWORD",
      "enabled": true,
      "defaultAction": false,
      "priority": 40,
      "config": {}
    },
    {
      "alias": "UPDATE_PROFILE",
      "name": "Update Profile",
      "providerId": "UPDATE_PROFILE",
      "enabled": true,
      "defaultAction": false,
      "priority": 50,
      "config": {}
    }
  ],
  "browserFlow": "browser",
  "registrationFlow": "registration",
  "directGrantFlow": "direct grant",
  "resetCredentialsFlow": "reset credentials",
  "clientAuthenticationFlow": "clients",
  "dockerAuthenticationFlow": "docker auth",
  "attributes": {
    "_browser_header.xXSSProtection": "1; mode=block",
    "_browser_header.strictTransportSecurity": "max-age=31536000; includeSubDomains",
    "_browser_header.xFrameOptions": "DENY",
    "quickLoginCheckMilliSeconds": "1000",
    "permanentLockout": "false",
    "displayName": "Decentage DOP",
    "_browser_header.xRobotsTag": "none",
    "maxFailureWaitSeconds": "900",
    "displayNameHtml": "Decentage Digital Onboarding",
    "minimumQuickLoginWaitSeconds": "300",
    "failureFactor": "5",
    "actionTokenGeneratedByUserLifespan": "900",
    "maxDeltaTimeSeconds": "43200",
    "_browser_header.xContentTypeOptions": "nosniff",
    "actionTokenGeneratedByAdminLifespan": "43200",
    "offlineSessionMaxLifespan": "5184000",
    "_browser_header.contentSecurityPolicyReportOnly": "",
    "bruteForceProtected": "true",
    "_browser_header.contentSecurityPolicy": "frame-src 'self'; frame-ancestors 'self'; object-src 'none';",
    "offlineSessionMaxLifespanEnabled": "false",
    "waitIncrementSeconds": "300"
  },
  "keycloakVersion": "6.0.1",
  "userManagedAccessAllowed": false
}